"FullName","Name","Length"
"F:\code duan\Thebloomgroup\Solar Turbines\wp-content\cache\swift-performance\thuongthien.vn\about-us\css\desktop-full.css","desktop-full.css","1212650"
"F:\code duan\Thebloomgroup\Solar Turbines\wp-content\cache\swift-performance\thuongthien.vn\about-us\js\desktop-scripts.js","desktop-scripts.js","604247"
"F:\code duan\Thebloomgroup\Solar Turbines\wp-content\cache\swift-performance\thuongthien.vn\biogas\js\desktop-scripts.js","desktop-scripts.js","583115"
"F:\code duan\Thebloomgroup\Solar Turbines\wp-content\cache\swift-performance\thuongthien.vn\category\news\css\desktop-full.css","desktop-full.css","716913"
"F:\code duan\Thebloomgroup\Solar Turbines\wp-content\cache\swift-performance\thuongthien.vn\category\news\js\desktop-scripts.js","desktop-scripts.js","553252"
"F:\code duan\Thebloomgroup\Solar Turbines\wp-content\cache\swift-performance\thuongthien.vn\confidentiality-non-disclosure-policy\css\desktop-full.css","desktop-full.css","1207120"
"F:\code duan\Thebloomgroup\Solar Turbines\wp-content\cache\swift-performance\thuongthien.vn\confidentiality-non-disclosure-policy\js\desktop-scripts.js","desktop-scripts.js","573917"
"F:\code duan\Thebloomgroup\Solar Turbines\wp-content\cache\swift-performance\thuongthien.vn\contact-us\css\desktop-full.css","desktop-full.css","1207644"
"F:\code duan\Thebloomgroup\Solar Turbines\wp-content\cache\swift-performance\thuongthien.vn\contact-us\js\desktop-scripts.js","desktop-scripts.js","573892"
"F:\code duan\Thebloomgroup\Solar Turbines\wp-content\cache\swift-performance\thuongthien.vn\css\desktop-full.css","desktop-full.css","1220200"
"F:\code duan\Thebloomgroup\Solar Turbines\wp-content\cache\swift-performance\thuongthien.vn\js\desktop-scripts.js","desktop-scripts.js","573882"
"F:\code duan\Thebloomgroup\Solar Turbines\wp-content\cache\swift-performance\thuongthien.vn\news\css\desktop-full.css","desktop-full.css","1219853"
"F:\code duan\Thebloomgroup\Solar Turbines\wp-content\cache\swift-performance\thuongthien.vn\news\js\desktop-scripts.js","desktop-scripts.js","573917"
"F:\code duan\Thebloomgroup\Solar Turbines\wp-content\cache\swift-performance\thuongthien.vn\news\pvep-conference-of-oil-gas-services-providers-2016-2017\css\desktop-full.css","desktop-full.css","716913"
"F:\code duan\Thebloomgroup\Solar Turbines\wp-content\cache\swift-performance\thuongthien.vn\news\pvep-conference-of-oil-gas-services-providers-2016-2017\js\desktop-scripts.js","desktop-scripts.js","553275"
"F:\code duan\Thebloomgroup\Solar Turbines\wp-content\cache\swift-performance\thuongthien.vn\news\pvep-solar-2-years-operation-under-mmsa\css\desktop-full.css","desktop-full.css","716913"
"F:\code duan\Thebloomgroup\Solar Turbines\wp-content\cache\swift-performance\thuongthien.vn\news\pvep-solar-2-years-operation-under-mmsa\js\desktop-scripts.js","desktop-scripts.js","553275"
"F:\code duan\Thebloomgroup\Solar Turbines\wp-content\cache\swift-performance\thuongthien.vn\news\seminar-on-3-years-implementation-of-mmsa-agreement\css\desktop-full.css","desktop-full.css","716913"
"F:\code duan\Thebloomgroup\Solar Turbines\wp-content\cache\swift-performance\thuongthien.vn\news\seminar-on-3-years-implementation-of-mmsa-agreement\js\desktop-scripts.js","desktop-scripts.js","553275"
"F:\code duan\Thebloomgroup\Solar Turbines\wp-content\cache\swift-performance\thuongthien.vn\news\seminar-on-reviewing-the-ltsa-agreement-between-solar-vsp\css\desktop-full.css","desktop-full.css","716913"
"F:\code duan\Thebloomgroup\Solar Turbines\wp-content\cache\swift-performance\thuongthien.vn\news\seminar-on-reviewing-the-ltsa-agreement-between-solar-vsp\js\desktop-scripts.js","desktop-scripts.js","553275"
"F:\code duan\Thebloomgroup\Solar Turbines\wp-content\cache\swift-performance\thuongthien.vn\news\solar-turbines-ttt-business-review-for-2018\css\desktop-full.css","desktop-full.css","716913"
"F:\code duan\Thebloomgroup\Solar Turbines\wp-content\cache\swift-performance\thuongthien.vn\news\solar-turbines-ttt-business-review-for-2018\js\desktop-scripts.js","desktop-scripts.js","553275"
"F:\code duan\Thebloomgroup\Solar Turbines\wp-content\cache\swift-performance\thuongthien.vn\news\solar-turbines-vietnam-technology-day\css\desktop-full.css","desktop-full.css","716913"
"F:\code duan\Thebloomgroup\Solar Turbines\wp-content\cache\swift-performance\thuongthien.vn\news\solar-turbines-vietnam-technology-day\js\desktop-scripts.js","desktop-scripts.js","553247"
"F:\code duan\Thebloomgroup\Solar Turbines\wp-content\cache\swift-performance\thuongthien.vn\oil-gas\css\desktop-full.css","desktop-full.css","1216646"
"F:\code duan\Thebloomgroup\Solar Turbines\wp-content\cache\swift-performance\thuongthien.vn\oil-gas\js\desktop-scripts.js","desktop-scripts.js","573917"
"F:\code duan\Thebloomgroup\Solar Turbines\wp-content\cache\swift-performance\thuongthien.vn\operation-policy\css\desktop-full.css","desktop-full.css","1207063"
"F:\code duan\Thebloomgroup\Solar Turbines\wp-content\cache\swift-performance\thuongthien.vn\operation-policy\js\desktop-scripts.js","desktop-scripts.js","573892"
"F:\code duan\Thebloomgroup\Solar Turbines\wp-content\cache\swift-performance\thuongthien.vn\our-customers\css\desktop-full.css","desktop-full.css","1209454"
"F:\code duan\Thebloomgroup\Solar Turbines\wp-content\cache\swift-performance\thuongthien.vn\our-customers\js\desktop-scripts.js","desktop-scripts.js","573917"
"F:\code duan\Thebloomgroup\Solar Turbines\wp-content\cache\swift-performance\thuongthien.vn\power-generation\js\desktop-scripts.js","desktop-scripts.js","573917"
"F:\code duan\Thebloomgroup\Solar Turbines\wp-content\cache\swift-performance\thuongthien.vn\service-solutions\css\desktop-full.css","desktop-full.css","1209004"
"F:\code duan\Thebloomgroup\Solar Turbines\wp-content\cache\swift-performance\thuongthien.vn\service-solutions\js\desktop-scripts.js","desktop-scripts.js","573917"
"F:\code duan\Thebloomgroup\Solar Turbines\wp-content\cache\swift-performance\thuongthien.vn\terms-of-use\css\desktop-full.css","desktop-full.css","1207120"
"F:\code duan\Thebloomgroup\Solar Turbines\wp-content\cache\swift-performance\thuongthien.vn\terms-of-use\js\desktop-scripts.js","desktop-scripts.js","573901"
"F:\code duan\Thebloomgroup\Solar Turbines\wp-content\plugins\contact-form-7\includes\css\stylesb5e1.css","stylesb5e1.css","2947"
"F:\code duan\Thebloomgroup\Solar Turbines\wp-content\plugins\contact-form-7\includes\js\indexb5e1.js","indexb5e1.js","13452"
"F:\code duan\Thebloomgroup\Solar Turbines\wp-content\plugins\contact-form-7\includes\swv\js\indexb5e1.js","indexb5e1.js","12512"
"F:\code duan\Thebloomgroup\Solar Turbines\wp-content\plugins\contact-form-7\modules\recaptcha\indexb5e1.js","indexb5e1.js","934"
"F:\code duan\Thebloomgroup\Solar Turbines\wp-content\plugins\js_composer\assets\fonts\vc_grid\vc_grid_v1.woff","vc_grid_v1.woff","5924"
"F:\code duan\Thebloomgroup\Solar Turbines\wp-content\plugins\js_composer\assets\fonts\vc_grid\vc_grid_v157a1.svg","vc_grid_v157a1.svg","13215"
"F:\code duan\Thebloomgroup\Solar Turbines\wp-content\plugins\js_composer\assets\fonts\vc_icons_v2\fonts\vcpb-plugin-icons.woff","vcpb-plugin-icons.woff","7540"
"F:\code duan\Thebloomgroup\Solar Turbines\wp-content\plugins\js_composer\assets\fonts\vc_icons_v2\fonts\vcpb-plugin-iconsb82a.svg","vcpb-plugin-iconsb82a.svg","24504"
"F:\code duan\Thebloomgroup\Solar Turbines\wp-content\plugins\js_composer\assets\vc\alert.png","alert.png","302"
"F:\code duan\Thebloomgroup\Solar Turbines\wp-content\themes\dt-the7\css\main.min8257.css","main.min8257.css","277888"
"F:\code duan\Thebloomgroup\Solar Turbines\wp-content\themes\dt-the7\fonts\icomoon-the7-font\icomoon-the7-font.min8257.css","icomoon-the7-font.min8257.css","20285"
"F:\code duan\Thebloomgroup\Solar Turbines\wp-content\themes\dt-the7\fonts\icomoon-the7-font\icomoon-the7-fontb9c8.woff","icomoon-the7-fontb9c8.woff","48096"
"F:\code duan\Thebloomgroup\Solar Turbines\wp-content\themes\dt-the7\images\backgrounds\patterns\full\congruent_outline.png","congruent_outline.png","31184"
"F:\code duan\Thebloomgroup\Solar Turbines\wp-content\themes\dt-the7\js\above-the-fold.min8257.js","above-the-fold.min8257.js","9312"
"F:\code duan\Thebloomgroup\Solar Turbines\wp-content\themes\dt-the7\js\main.min8257.js","main.min8257.js","368795"
"F:\code duan\Thebloomgroup\Solar Turbines\wp-content\themes\dt-the7-child\style8257.css","style8257.css","927"
"F:\code duan\Thebloomgroup\Solar Turbines\wp-content\uploads\2020\06\BD-POC.jpg","BD-POC.jpg","11292"
"F:\code duan\Thebloomgroup\Solar Turbines\wp-content\uploads\2020\06\CUULONG.jpg","CUULONG.jpg","8679"
"F:\code duan\Thebloomgroup\Solar Turbines\wp-content\uploads\2020\06\hoan-vu.jpg","hoan-vu.jpg","12575"
"F:\code duan\Thebloomgroup\Solar Turbines\wp-content\uploads\2020\06\IDEMITSU.jpg","IDEMITSU.jpg","6581"
"F:\code duan\Thebloomgroup\Solar Turbines\wp-content\uploads\2020\06\JVPC.jpg","JVPC.jpg","8198"
"F:\code duan\Thebloomgroup\Solar Turbines\wp-content\uploads\2020\06\KNOC.jpg","KNOC.jpg","5936"
"F:\code duan\Thebloomgroup\Solar Turbines\wp-content\uploads\2020\06\NAMCONSON-PIPELINE.jpg","NAMCONSON-PIPELINE.jpg","8033"
"F:\code duan\Thebloomgroup\Solar Turbines\wp-content\uploads\2020\06\oil-gas-1.jpg","oil-gas-1.jpg","22307"
"F:\code duan\Thebloomgroup\Solar Turbines\wp-content\uploads\2020\06\PPSC.jpg","PPSC.jpg","8364"
"F:\code duan\Thebloomgroup\Solar Turbines\wp-content\uploads\2020\06\pvep-conference-of-oil-gas-services-providers-2016-2017.jpg","pvep-conference-of-oil-gas-services-providers-2016-2017.jpg","140570"
"F:\code duan\Thebloomgroup\Solar Turbines\wp-content\uploads\2020\06\pvep-solar-2-years-operation-under-mmsa.jpg","pvep-solar-2-years-operation-under-mmsa.jpg","142193"
"F:\code duan\Thebloomgroup\Solar Turbines\wp-content\uploads\2020\06\pvep.jpg","pvep.jpg","10849"
"F:\code duan\Thebloomgroup\Solar Turbines\wp-content\uploads\2020\06\PVGAS.jpg","PVGAS.jpg","10453"
"F:\code duan\Thebloomgroup\Solar Turbines\wp-content\uploads\2020\06\pvn.jpg","pvn.jpg","12563"
"F:\code duan\Thebloomgroup\Solar Turbines\wp-content\uploads\2020\06\ROSNEFT.jpg","ROSNEFT.jpg","5737"
"F:\code duan\Thebloomgroup\Solar Turbines\wp-content\uploads\2020\06\seminar-on-3-years-implementation-of-mmsa-agreement.jpg","seminar-on-3-years-implementation-of-mmsa-agreement.jpg","122957"
"F:\code duan\Thebloomgroup\Solar Turbines\wp-content\uploads\2020\06\seminar-on-reviewing-the-ltsa-agreement-between-solar-vsp.jpg","seminar-on-reviewing-the-ltsa-agreement-between-solar-vsp.jpg","96684"
"F:\code duan\Thebloomgroup\Solar Turbines\wp-content\uploads\2020\06\solar-turbines-ttt-business-review-for-2018.jpg","solar-turbines-ttt-business-review-for-2018.jpg","184291"
"F:\code duan\Thebloomgroup\Solar Turbines\wp-content\uploads\2020\06\solar-turbines-vietnam-technology-day.jpg","solar-turbines-vietnam-technology-day.jpg","96356"
"F:\code duan\Thebloomgroup\Solar Turbines\wp-content\uploads\2020\06\thuongthien-ttt-logo.svg","thuongthien-ttt-logo.svg","2221"
"F:\code duan\Thebloomgroup\Solar Turbines\wp-content\uploads\2020\06\ThuongThienTechnologies-Logo.svg","ThuongThienTechnologies-Logo.svg","2265"
"F:\code duan\Thebloomgroup\Solar Turbines\wp-content\uploads\2020\06\ttt-header-banner-5.jpg","ttt-header-banner-5.jpg","195510"
"F:\code duan\Thebloomgroup\Solar Turbines\wp-content\uploads\2020\06\ttt-lifecyle-support.svg","ttt-lifecyle-support.svg","54466"
"F:\code duan\Thebloomgroup\Solar Turbines\wp-content\uploads\2020\06\VIETSOVPETRO.jpg","VIETSOVPETRO.jpg","9830"
"F:\code duan\Thebloomgroup\Solar Turbines\wp-content\uploads\2021\04\tttx120.png","tttx120.png","1193"
"F:\code duan\Thebloomgroup\Solar Turbines\wp-content\uploads\2021\04\tttx152.png","tttx152.png","6517"
"F:\code duan\Thebloomgroup\Solar Turbines\wp-content\uploads\2021\04\tttx32.png","tttx32.png","429"
"F:\code duan\Thebloomgroup\Solar Turbines\wp-content\uploads\2021\04\tttx60.png","tttx60.png","686"
"F:\code duan\Thebloomgroup\Solar Turbines\wp-content\uploads\2021\04\tttx76.png","tttx76.png","3074"
"F:\code duan\Thebloomgroup\Solar Turbines\wp-content\uploads\2026\04\TTT_nen-trang.jpg","TTT_nen-trang.jpg","15385"
"F:\code duan\Thebloomgroup\Solar Turbines\wp-content\uploads\fonts\TTER.svg","TTER.svg","683563"
"F:\code duan\Thebloomgroup\Solar Turbines\wp-content\uploads\fonts\TTER.woff","TTER.woff","58520"
"F:\code duan\Thebloomgroup\Solar Turbines\wp-content\uploads\fonts\TTESM.svg","TTESM.svg","701314"
"F:\code duan\Thebloomgroup\Solar Turbines\wp-content\uploads\fonts\TTESM.woff","TTESM.woff","59772"
"F:\code duan\Thebloomgroup\Solar Turbines\wp-content\uploads\the7-css\custom815f.css","custom815f.css","279343"
"F:\code duan\Thebloomgroup\Solar Turbines\wp-content\uploads\the7-css\media815f.css","media815f.css","77892"
"F:\code duan\Thebloomgroup\Solar Turbines\wp-content\uploads\the7-css\mega-menu815f.css","mega-menu815f.css","18509"
"F:\code duan\Thebloomgroup\Solar Turbines\wp-content\uploads\the7-css\post-type-dynamic815f.css","post-type-dynamic815f.css","9824"
"F:\code duan\Thebloomgroup\Solar Turbines\wp-includes\js\dist\vendor\wp-polyfill.min2c7c.js","wp-polyfill.min2c7c.js","33590"
"F:\code duan\Thebloomgroup\Solar Turbines\wp-includes\js\dist\hooks.minaf5f.js","hooks.minaf5f.js","5661"
"F:\code duan\Thebloomgroup\Solar Turbines\wp-includes\js\dist\i18n.min1cde.js","i18n.min1cde.js","5314"
"F:\code duan\Thebloomgroup\Solar Turbines\wp-includes\js\jquery\jquery-migrate.min5589.js","jquery-migrate.min5589.js","13577"
"F:\code duan\Thebloomgroup\Solar Turbines\wp-includes\js\jquery\jquery.minf43b.js","jquery.minf43b.js","87553"
